Feature,Feature_Label,X_Value,Partial_Effect,CI_Lower,CI_Upper
E Fixed,$E_{\mathrm{fixed}}$,424000000.0,-2719.820181911035,-3067.4711795653748,-2372.169184256695
E Fixed,$E_{\mathrm{fixed}}$,4692444444.444445,-2503.305290620048,-2798.204100626372,-2208.4064806137235
E Fixed,$E_{\mathrm{fixed}}$,8960888888.88889,-2294.2186087635723,-2544.0214601236003,-2044.4157574035441
E Fixed,$E_{\mathrm{fixed}}$,13229333333.333334,-2094.5264606054825,-2308.8791096478017,-1880.1738115631636
E Fixed,$E_{\mathrm{fixed}}$,17497777777.77778,-1906.1951704096464,-2096.1896536865056,-1716.200687132787
E Fixed,$E_{\mathrm{fixed}}$,21766222222.22222,-1731.1910624399377,-1907.7478080734065,-1554.6343168064689
E Fixed,$E_{\mathrm{fixed}}$,26034666666.666668,-1571.4774824631859,-1743.064867176442,-1399.8900977499297
E Fixed,$E_{\mathrm{fixed}}$,30303111111.111115,-1428.1471725929198,-1599.4405620335317,-1256.8537831523079
E Fixed,$E_{\mathrm{fixed}}$,34571555555.55556,-1300.2173037646523,-1472.6620917709445,-1127.7725157583602
E Fixed,$E_{\mathrm{fixed}}$,38840000000.0,-1186.4023433628756,-1359.2675699159452,-1013.5371168098061
E Fixed,$E_{\mathrm{fixed}}$,43108444444.44444,-1085.4167587720794,-1256.6347551032545,-914.1987624409043
E Fixed,$E_{\mathrm{fixed}}$,47376888888.88889,-995.9750173767563,-1162.730746957507,-829.2192877960055
E Fixed,$E_{\mathrm{fixed}}$,51645333333.333336,-916.7897240064767,-1076.0098732638094,-757.5695747491442
E Fixed,$E_{\mathrm{fixed}}$,55913777777.77778,-846.4760184062737,-995.9766794662279,-696.9753573463196
E Fixed,$E_{\mathrm{fixed}}$,60182222222.22223,-783.5056580841007,-923.1621282631673,-643.849187905034
E Fixed,$E_{\mathrm{fixed}}$,64450666666.66667,-726.3389234155117,-857.8245959798759,-594.8532508511474
E Fixed,$E_{\mathrm{fixed}}$,68719111111.111115,-673.4360947760595,-799.336306574718,-547.5358829774009
E Fixed,$E_{\mathrm{fixed}}$,72987555555.55556,-623.2574525412975,-745.8904698567009,-500.6244352258942
E Fixed,$E_{\mathrm{fixed}}$,77256000000.0,-574.3056092728549,-694.9428391585802,-453.66837938712956
E Fixed,$E_{\mathrm{fixed}}$,81524444444.44444,-525.93446676126,-645.5481257281684,-406.3208077943515
E Fixed,$E_{\mathrm{fixed}}$,85792888888.88889,-478.28632746967173,-598.4364627832085,-358.136192156135
E Fixed,$E_{\mathrm{fixed}}$,90061333333.33334,-431.53322510853377,-553.9021197091973,-309.1643305078702
E Fixed,$E_{\mathrm{fixed}}$,94329777777.77779,-385.8471933882911,-511.32369122715323,-260.37069554942894
E Fixed,$E_{\mathrm{fixed}}$,98598222222.22223,-341.4002660193869,-469.4017555988169,-213.39877643995686
E Fixed,$E_{\mathrm{fixed}}$,102866666666.66667,-298.3293757420349,-426.92477197780534,-169.73397950626452
E Fixed,$E_{\mathrm{fixed}}$,107135111111.11111,-256.41644392103035,-384.16085430161246,-128.67203354044824
E Fixed,$E_{\mathrm{fixed}}$,111403555555.55556,-215.23725497330938,-342.23687651500126,-88.23763343161748
E Fixed,$E_{\mathrm{fixed}}$,115672000000.0,-174.36505418312376,-301.8672236663262,-46.86288469992134
E Fixed,$E_{\mathrm{fixed}}$,119940444444.44446,-133.37308683472432,-262.8218653430987,-3.924308326349916
E Fixed,$E_{\mathrm{fixed}}$,124208888888.8889,-91.83459821236322,-223.94173248259426,40.27253605786781
E Fixed,$E_{\mathrm{fixed}}$,128477333333.33334,-49.426017705789384,-183.99102171922624,85.13898630764749
E Fixed,$E_{\mathrm{fixed}}$,132745777777.77779,-6.412856584668887,-143.63922278176153,130.81350961242373
E Fixed,$E_{\mathrm{fixed}}$,137014222222.22223,36.73065154407803,-104.26008847739692,177.72139156555298
E Fixed,$E_{\mathrm{fixed}}$,141282666666.6667,79.530028488985,-66.80941270768587,225.86946968565587
E Fixed,$E_{\mathrm{fixed}}$,145551111111.1111,121.51079605858544,-31.551189402631252,274.5727815198021
E Fixed,$E_{\mathrm{fixed}}$,149819555555.55557,162.19849502436097,1.8651301013551063,322.5318599473668
E Fixed,$E_{\mathrm{fixed}}$,154088000000.0,201.22918221468558,34.07139768086873,368.38696674850246
E Fixed,$E_{\mathrm{fixed}}$,158356444444.44446,238.60969696659072,65.6661876324157,411.55320630076574
E Fixed,$E_{\mathrm{fixed}}$,162624888888.8889,274.4245508492683,97.27895442454911,451.5701472739875
E Fixed,$E_{\mathrm{fixed}}$,166893333333.33334,308.75825543191115,129.609723424165,487.9067874396573
E Fixed,$E_{\mathrm{fixed}}$,171161777777.77777,341.6953222837109,163.3462205944596,520.0444239729621
E Fixed,$E_{\mathrm{fixed}}$,175430222222.22223,373.3208462607316,198.96171110647148,547.6799814149917
E Fixed,$E_{\mathrm{fixed}}$,179698666666.6667,403.8019925045754,235.98884240512427,571.6151426040266
E Fixed,$E_{\mathrm{fixed}}$,183967111111.1111,433.4719077271091,272.7080673620402,594.235748092178
E Fixed,$E_{\mathrm{fixed}}$,188235555555.55557,462.68376178482293,307.4549127403159,617.91261082933
E Fixed,$E_{\mathrm{fixed}}$,192504000000.0,491.790724534207,339.2004856049498,644.3809634634642
E Fixed,$E_{\mathrm{fixed}}$,196772444444.44446,521.1459658317514,367.80445983117477,674.487471832328
E Fixed,$E_{\mathrm{fixed}}$,201040888888.8889,551.089040501769,393.7197584642679,708.4583225392701
E Fixed,$E_{\mathrm{fixed}}$,205309333333.33334,581.4652340371917,416.3292330425337,746.6012350318498
E Fixed,$E_{\mathrm{fixed}}$,209577777777.7778,611.4973113781047,434.11926265904344,788.8753600971659
E Fixed,$E_{\mathrm{fixed}}$,213846222222.22223,640.368343493231,446.8385835266871,833.8981034597749
E Fixed,$E_{\mathrm{fixed}}$,218114666666.6667,667.2614013512955,455.52993900108333,878.9928637015076
E Fixed,$E_{\mathrm{fixed}}$,222383111111.1111,691.3595559210218,461.9447337942494,920.7743780477941
E Fixed,$E_{\mathrm{fixed}}$,226651555555.55557,711.8881901101902,467.94684087332007,955.8295393470603
E Fixed,$E_{\mathrm{fixed}}$,230920000000.0,728.7362649668075,474.634345112983,982.838184820632
E Fixed,$E_{\mathrm{fixed}}$,235188444444.44446,742.3196098040132,482.20246902552174,1002.4367505825047
E Fixed,$E_{\mathrm{fixed}}$,239456888888.88892,753.0685669300433,490.47885381419013,1015.6582800458964
E Fixed,$E_{\mathrm{fixed}}$,243725333333.33334,761.4134786531338,499.09584806449385,1023.7311092417738
E Fixed,$E_{\mathrm{fixed}}$,247993777777.7778,767.7846872815209,507.5850919427488,1027.984282620293
E Fixed,$E_{\mathrm{fixed}}$,252262222222.22223,772.6210942064841,515.4473541457148,1029.7948342672535
E Fixed,$E_{\mathrm{fixed}}$,256530666666.6667,776.4325512154757,522.2266135176623,1030.638488913289
E Fixed,$E_{\mathrm{fixed}}$,260799111111.1111,779.7639918177529,527.6647476932533,1031.8632359422525
E Fixed,$E_{\mathrm{fixed}}$,265067555555.55557,783.1605988540781,531.831551867827,1034.489645840329
E Fixed,$E_{\mathrm{fixed}}$,269336000000.0,787.1675551652133,535.1934672966366,1039.14164303379
E Fixed,$E_{\mathrm{fixed}}$,273604444444.44446,792.3300435919205,538.6102932689063,1046.0497939149345
E Fixed,$E_{\mathrm{fixed}}$,277872888888.8889,799.14299844727,543.1573757266667,1055.1286211678732
E Fixed,$E_{\mathrm{fixed}}$,282141333333.3334,807.861483570221,549.5783319846248,1066.1446351558172
E Fixed,$E_{\mathrm{fixed}}$,286409777777.7778,818.6690666035934,558.4262814146423,1078.9118517925444
E Fixed,$E_{\mathrm{fixed}}$,290678222222.2222,831.7493029225004,570.1564876132411,1093.3421182317597
E Fixed,$E_{\mathrm{fixed}}$,294946666666.6667,847.2857479020549,585.0986155205431,1109.4728802835666
E Fixed,$E_{\mathrm{fixed}}$,299215111111.11115,865.4618116612957,603.4198826754164,1127.503740647175
E Fixed,$E_{\mathrm{fixed}}$,303483555555.55554,886.3369464170381,624.8341519011033,1147.839740932973
E Fixed,$E_{\mathrm{fixed}}$,307752000000.0,909.6207551316663,648.220330193053,1171.0211800702796
E Fixed,$E_{\mathrm{fixed}}$,312020444444.44446,934.9615608613065,672.4028989966267,1197.520222725986
E Fixed,$E_{\mathrm{fixed}}$,316288888888.8889,962.0076866620861,696.4349701721746,1227.5804031519976
E Fixed,$E_{\mathrm{fixed}}$,320557333333.3334,990.4074555901333,719.7171605409026,1261.097750639364
E Fixed,$E_{\mathrm{fixed}}$,324825777777.7778,1019.8094854826508,742.0511519661563,1297.5678189991452
E Fixed,$E_{\mathrm{fixed}}$,329094222222.2222,1049.886325683707,763.5990810033345,1336.1735703640793
E Fixed,$E_{\mathrm{fixed}}$,333362666666.6667,1080.3517406482729,784.749244781677,1375.9542365148686
E Fixed,$E_{\mathrm{fixed}}$,337631111111.11115,1110.9235698849145,806.0199169778473,1415.8272227919817
E Fixed,$E_{\mathrm{fixed}}$,341899555555.55554,1141.3196529021968,827.9949437471937,1454.6443620572
E Fixed,$E_{\mathrm{fixed}}$,346168000000.0,1171.257829208685,851.2749897191302,1491.24066869824
E Fixed,$E_{\mathrm{fixed}}$,350436444444.44446,1200.4611514981034,876.4386762122974,1524.4836267839094
E Fixed,$E_{\mathrm{fixed}}$,354704888888.8889,1228.7909135089137,903.8673337205911,1553.7144932972365
E Fixed,$E_{\mathrm{fixed}}$,358973333333.3334,1256.257677132768,933.6659423424408,1578.8494119230954
E Fixed,$E_{\mathrm{fixed}}$,363241777777.7778,1282.8794269409666,965.808314375075,1599.9505395068581
E Fixed,$E_{\mathrm{fixed}}$,367510222222.2222,1308.6741475048132,1000.1654039124072,1617.182891097219
E Fixed,$E_{\mathrm{fixed}}$,371778666666.6667,1333.6598233956088,1036.511069770303,1630.8085770209145
E Fixed,$E_{\mathrm{fixed}}$,376047111111.11115,1357.8566692453567,1074.5102151925485,1641.2031232981649
E Fixed,$E_{\mathrm{fixed}}$,380315555555.5556,1381.3127595277879,1113.6601681176614,1648.9653509379143
E Fixed,$E_{\mathrm{fixed}}$,384584000000.0,1404.0951066400773,1153.262995773226,1654.9272175069286
E Fixed,$E_{\mathrm{fixed}}$,388852444444.44446,1426.2710848825668,1192.3970716956067,1660.145098069527
E Fixed,$E_{\mathrm{fixed}}$,393120888888.8889,1447.908068555596,1229.8578890274728,1665.9582480837191
E Fixed,$E_{\mathrm{fixed}}$,397389333333.3334,1469.0734319595051,1264.128372428197,1674.0184914908132
E Fixed,$E_{\mathrm{fixed}}$,401657777777.7778,1489.8335041151674,1293.4662739450566,1686.2007342852783
E Fixed,$E_{\mathrm{fixed}}$,405926222222.2222,1510.2474467937584,1316.2133340233006,1704.2815595642162
E Fixed,$E_{\mathrm{fixed}}$,410194666666.6667,1530.3714154451866,1331.2760253094702,1729.466805580903
E Fixed,$E_{\mathrm{fixed}}$,414463111111.11115,1550.2615552341763,1338.5246098189823,1761.9985006493703
E Fixed,$E_{\mathrm{fixed}}$,418731555555.5556,1569.9740113254527,1338.7600454603628,1801.1879771905426
E Fixed,$E_{\mathrm{fixed}}$,423000000000.0,1589.5649288837399,1333.2995378275416,1845.8303199399381
rho Fixed,$\rho_{\mathrm{fixed}}$,1190.2,457.672778982269,233.22559723531236,682.1199607292256
rho Fixed,$\rho_{\mathrm{fixed}}$,1394.0262626262627,429.8654818986523,237.91105742024388,621.8199063770608
rho Fixed,$\rho_{\mathrm{fixed}}$,1597.8525252525253,405.2970403607748,233.92811553006678,576.6659651914829
rho Fixed,$\rho_{\mathrm{fixed}}$,1801.678787878788,384.5406697599948,221.67918299124747,547.4021565287421
rho Fixed,$\rho_{\mathrm{fixed}}$,2005.5050505050506,368.1695854876707,204.50274566752054,531.8364253078208
rho Fixed,$\rho_{\mathrm{fixed}}$,2209.3313131313134,356.7570029351611,187.58003990838597,525.9339659619362
rho Fixed,$\rho_{\mathrm{fixed}}$,2413.1575757575756,350.87413717946333,175.8482003722509,525.9000739866758
rho Fixed,$\rho_{\mathrm{fixed}}$,2616.9838383838387,350.5075188183618,171.82121220457398,529.1938254321497
rho Fixed,$\rho_{\mathrm{fixed}}$,2820.810101010101,354.2497556827405,174.2449527601962,534.2545586052847
rho Fixed,$\rho_{\mathrm{fixed}}$,3024.636363636364,360.4901643958096,181.09707163659425,539.8832571550249
rho Fixed,$\rho_{\mathrm{fixed}}$,3228.462626262626,367.61806158077917,190.5563781780773,544.679744983481
rho Fixed,$\rho_{\mathrm{fixed}}$,3432.2888888888892,374.02276386085964,201.2359318506262,546.809595871093
rho Fixed,$\rho_{\mathrm{fixed}}$,3636.1151515151514,378.1085940037001,212.09039557660802,544.1267924307922
rho Fixed,$\rho_{\mathrm{fixed}}$,3839.9414141414145,379.06512686303665,222.0323223848894,536.0979313411839
rho Fixed,$\rho_{\mathrm{fixed}}$,4043.7676767676767,377.2371325228498,229.58323102845668,524.8910340172429
rho Fixed,$\rho_{\mathrm{fixed}}$,4247.59393939394,373.06184948493654,233.12405371498826,512.9996452548849
rho Fixed,$\rho_{\mathrm{fixed}}$,4451.420202020202,366.97651625109376,231.4814421868381,502.47159031534943
rho Fixed,$\rho_{\mathrm{fixed}}$,4655.246464646465,359.4183713231185,224.4259829374964,494.41075970874056
rho Fixed,$\rho_{\mathrm{fixed}}$,4859.072727272727,350.81632529611426,212.63232196404695,489.0003286281816
rho Fixed,$\rho_{\mathrm{fixed}}$,5062.89898989899,341.43181673208636,196.80386310267812,486.0597703614946
rho Fixed,$\rho_{\mathrm{fixed}}$,5266.7252525252525,331.3711840707095,177.57486102752566,485.1675071138933
rho Fixed,$\rho_{\mathrm{fixed}}$,5470.551515151515,320.7349167966142,156.09335590760904,485.3764776856193
rho Fixed,$\rho_{\mathrm{fixed}}$,5674.377777777778,309.62350439443094,133.9828191966009,485.264189592261
rho Fixed,$\rho_{\mathrm{fixed}}$,5878.204040404041,298.13743634879006,113.02156657864862,483.2533061189315
rho Fixed,$\rho_{\mathrm{fixed}}$,6082.030303030303,286.37440570513365,94.61559030870905,478.13322110155826
rho Fixed,$\rho_{\mathrm{fixed}}$,6285.856565656565,274.40382231000206,78.47462781069373,470.3330168093104
rho Fixed,$\rho_{\mathrm{fixed}}$,6489.682828282828,262.2786734029415,63.70312288524855,460.8542239206344
rho Fixed,$\rho_{\mathrm{fixed}}$,6693.509090909091,250.0517439347833,50.03069533011532,450.07279253945126
rho Fixed,$\rho_{\mathrm{fixed}}$,6897.3353535353535,237.77581885635882,37.93135849147893,437.6202792212387
rho Fixed,$\rho_{\mathrm{fixed}}$,7101.161616161616,225.50368311849957,28.387681198664183,422.619685038335
rho Fixed,$\rho_{\mathrm{fixed}}$,7304.987878787879,213.33602260604658,22.160551759896663,404.51149345219653
rho Fixed,$\rho_{\mathrm{fixed}}$,7508.814141414142,201.64699141021146,18.43268361795714,384.8612992024658
rho Fixed,$\rho_{\mathrm{fixed}}$,7712.640404040404,190.9076383411642,15.671368011396993,366.1439086709314
rho Fixed,$\rho_{\mathrm{fixed}}$,7916.466666666666,181.58912575202925,12.699862755822409,350.47838874823606
rho Fixed,$\rho_{\mathrm{fixed}}$,8120.292929292929,174.16261599593122,9.352096711414731,338.9731352804477
rho Fixed,$\rho_{\mathrm{fixed}}$,8324.119191919193,169.09924475436614,6.729622903079331,331.4688666056529
rho Fixed,$\rho_{\mathrm{fixed}}$,8527.945454545456,166.7147054576468,6.339706389492903,327.0897045258007
rho Fixed,$\rho_{\mathrm{fixed}}$,8731.771717171718,166.80318118306792,8.124268095516328,325.48209427061954
rho Fixed,$\rho_{\mathrm{fixed}}$,8935.59797979798,169.0496080173877,11.407211818294854,326.69200421648054
rho Fixed,$\rho_{\mathrm{fixed}}$,9139.424242424244,173.13892204736456,15.553301646964712,330.7245424477644
rho Fixed,$\rho_{\mathrm{fixed}}$,9343.250505050506,178.7560593597566,20.21030564627219,337.30181307324096
rho Fixed,$\rho_{\mathrm{fixed}}$,9547.076767676768,185.58485532415006,25.360245370919444,345.8094652773807
rho Fixed,$\rho_{\mathrm{fixed}}$,9750.90303030303,193.15427096427553,30.822181569097324,355.4863603594537
rho Fixed,$\rho_{\mathrm{fixed}}$,9954.729292929294,200.68004447357802,35.94797687452396,365.4121120726321
rho Fixed,$\rho_{\mathrm{fixed}}$,10158.555555555557,207.34012848882873,40.53924852299494,374.1410084546625
rho Fixed,$\rho_{\mathrm{fixed}}$,10362.381818181819,212.3124756467994,44.8578216829429,379.76712961065596
rho Fixed,$\rho_{\mathrm{fixed}}$,10566.208080808083,214.7750385842614,49.32159060743359,380.2284865610892
rho Fixed,$\rho_{\mathrm{fixed}}$,10770.034343434345,213.92117734017694,53.99697927310453,373.8453754072493
rho Fixed,$\rho_{\mathrm{fixed}}$,10973.860606060607,209.50359006452734,57.390001029652325,361.6171790994024
rho Fixed,$\rho_{\mathrm{fixed}}$,11177.68686868687,201.9794480517781,56.282444797194756,347.6764513063614
rho Fixed,$\rho_{\mathrm{fixed}}$,11381.513131313131,191.85084213630924,47.405333060703384,336.29635121191507
rho Fixed,$\rho_{\mathrm{fixed}}$,11585.339393939395,179.6198631525009,29.159005978036475,330.0807203269653
rho Fixed,$\rho_{\mathrm{fixed}}$,11789.165656565658,165.78860193473344,2.7726618969821573,328.8045419724847
rho Fixed,$\rho_{\mathrm{fixed}}$,11992.99191919192,150.86013170026902,-28.420187518146008,330.14045091868405
rho Fixed,$\rho_{\mathrm{fixed}}$,12196.818181818184,135.35293237711224,-61.25338930105727,331.95925405528175
rho Fixed,$\rho_{\mathrm{fixed}}$,12400.644444444446,119.79771652491786,-93.65527593115456,333.2507089809903
rho Fixed,$\rho_{\mathrm{fixed}}$,12604.470707070708,104.72553366066852,-124.08323075148387,333.5342980728209
rho Fixed,$\rho_{\mathrm{fixed}}$,12808.29696969697,90.66743330134757,-151.28235430016844,332.61722090286355
rho Fixed,$\rho_{\mathrm{fixed}}$,13012.123232323233,78.1544649639379,-174.1647846786057,330.4737146064815
rho Fixed,$\rho_{\mathrm{fixed}}$,13215.949494949497,67.6453142817408,-191.90320749553382,327.19383605901544
rho Fixed,$\rho_{\mathrm{fixed}}$,13419.775757575759,58.99880751181355,-204.91478677504892,322.912401798676
rho Fixed,$\rho_{\mathrm{fixed}}$,13623.60202020202,51.77716791960965,-214.18048070017556,317.7348165393949
rho Fixed,$\rho_{\mathrm{fixed}}$,13827.428282828285,45.5405107648678,-220.59623213191668,311.6772536616523
rho Fixed,$\rho_{\mathrm{fixed}}$,14031.254545454547,39.84895130732678,-224.9181020242267,304.61600463888027
rho Fixed,$\rho_{\mathrm{fixed}}$,14235.08080808081,34.26260480672542,-227.73325160586805,296.25846121931886
rho Fixed,$\rho_{\mathrm{fixed}}$,14438.907070707071,28.3500983265878,-229.47168871111253,286.17188536428813
rho Fixed,$\rho_{\mathrm{fixed}}$,14642.733333333334,21.72069157189728,-230.49551936427463,273.9369025080692
rho Fixed,$\rho_{\mathrm{fixed}}$,14846.559595959598,13.995755280952892,-231.07955846503924,259.071069026945
rho Fixed,$\rho_{\mathrm{fixed}}$,15050.38585858586,4.796662270130925,-231.43069300990635,241.0240175501682
rho Fixed,$\rho_{\mathrm{fixed}}$,15254.212121212122,-6.255214644192265,-231.76594989047203,219.25552060208747
rho Fixed,$\rho_{\mathrm{fixed}}$,15458.038383838386,-19.5382698622999,-232.4487872873374,193.3722475627376
rho Fixed,$\rho_{\mathrm{fixed}}$,15661.864646464648,-35.232246301021,-234.34265998859493,163.87816738655292
rho Fixed,$\rho_{\mathrm{fixed}}$,15865.69090909091,-52.95622820087253,-239.00680002523842,133.0943436234934
rho Fixed,$\rho_{\mathrm{fixed}}$,16069.517171717172,-72.23109433047213,-247.8791779346646,103.41698927372033
rho Fixed,$\rho_{\mathrm{fixed}}$,16273.343434343435,-92.57772345843765,-261.68812369749537,76.53267678062005
rho Fixed,$\rho_{\mathrm{fixed}}$,16477.169696969697,-113.51699435338625,-280.02651808430414,52.99252937753161
rho Fixed,$\rho_{\mathrm{fixed}}$,16680.99595959596,-134.56894587348089,-301.3758054305972,32.23791368363547
rho Fixed,$\rho_{\mathrm{fixed}}$,16884.82222222222,-155.18542958651136,-324.0785130248705,13.707653851847823
rho Fixed,$\rho_{\mathrm{fixed}}$,17088.648484848487,-174.70086414010183,-347.1217340376217,-2.2799942425819495
rho Fixed,$\rho_{\mathrm{fixed}}$,17292.47474747475,-192.43805725974627,-369.39739868580915,-15.478715833683395
rho Fixed,$\rho_{\mathrm{fixed}}$,17496.30101010101,-207.71981667094005,-389.5435861381611,-25.896047203719007
rho Fixed,$\rho_{\mathrm{fixed}}$,17700.127272727274,-219.86895009917768,-406.06927820951586,-33.668621988839504
rho Fixed,$\rho_{\mathrm{fixed}}$,17903.953535353536,-228.23177557796177,-417.6965726876653,-38.76697846825823
rho Fixed,$\rho_{\mathrm{fixed}}$,18107.779797979798,-232.77804757012936,-425.0810072805276,-40.475087859731104
rho Fixed,$\rho_{\mathrm{fixed}}$,18311.60606060606,-234.15068677951683,-430.57381044481656,-37.72756311421713
rho Fixed,$\rho_{\mathrm{fixed}}$,18515.432323232326,-233.0260885477292,-435.95277436304093,-30.099402732417445
rho Fixed,$\rho_{\mathrm{fixed}}$,18719.258585858588,-230.08064821637134,-441.8882454636032,-18.27305096913952
rho Fixed,$\rho_{\mathrm{fixed}}$,18923.08484848485,-225.99076112704842,-447.9354960345886,-4.046026219508235
rho Fixed,$\rho_{\mathrm{fixed}}$,19126.911111111112,-221.40823456484145,-452.9046498503521,10.088180720669186
rho Fixed,$\rho_{\mathrm{fixed}}$,19330.737373737375,-216.67770060530503,-455.6481890504331,22.292787839822978
rho Fixed,$\rho_{\mathrm{fixed}}$,19534.563636363637,-211.93498681393376,-455.55659821896506,31.68662459109757
rho Fixed,$\rho_{\mathrm{fixed}}$,19738.3898989899,-207.3119305081311,-452.43225749988324,37.80839648362104
rho Fixed,$\rho_{\mathrm{fixed}}$,19942.216161616165,-202.94036900530062,-446.4262050656115,40.54546705501028
rho Fixed,$\rho_{\mathrm{fixed}}$,20146.042424242427,-198.952139622846,-438.0525417491904,40.148262503498415
rho Fixed,$\rho_{\mathrm{fixed}}$,20349.86868686869,-195.45966383186715,-428.32220915966235,37.40288149592806
rho Fixed,$\rho_{\mathrm{fixed}}$,20553.69494949495,-192.44223294741346,-419.08606103459704,34.20159513977012
rho Fixed,$\rho_{\mathrm{fixed}}$,20757.521212121213,-189.8232964991744,-412.6986677994348,33.05207480108598
rho Fixed,$\rho_{\mathrm{fixed}}$,20961.347474747476,-187.52611297170438,-411.5176317213715,36.46540577796276
rho Fixed,$\rho_{\mathrm{fixed}}$,21165.173737373738,-185.47394084955786,-417.3164578975603,46.36857619844463
rho Fixed,$\rho_{\mathrm{fixed}}$,21369.0,-183.59003861728934,-430.7359735738604,63.55589633928173
nu Fixed,$\nu_{\mathrm{fixed}}$,0.029,361.0332339273116,7.987768072773008,714.0786997818502
nu Fixed,$\nu_{\mathrm{fixed}}$,0.033252525252525256,350.6861034571026,18.067313463094308,683.304893451111
nu Fixed,$\nu_{\mathrm{fixed}}$,0.037505050505050506,340.37081260545676,27.012419530537784,653.7292056803758
nu Fixed,$\nu_{\mathrm{fixed}}$,0.04175757575757576,330.10206998148504,34.62913432911438,625.5750056338557
nu Fixed,$\nu_{\mathrm{fixed}}$,0.046010101010101015,319.89458419429843,40.709824840806846,599.07934354779
nu Fixed,$\nu_{\mathrm{fixed}}$,0.05026262626262626,309.76306385300757,45.04055941126131,574.4855682947539
nu Fixed,$\nu_{\mathrm{fixed}}$,0.054515151515151516,299.7222202611397,47.41390149360038,552.030539028679
nu Fixed,$\nu_{\mathrm{fixed}}$,0.058767676767676774,289.7875522900792,47.64884836608394,531.9262562140744
nu Fixed,$\nu_{\mathrm{fixed}}$,0.06302020202020202,279.9764364200856,45.61807377068874,514.3347990694824
nu Fixed,$\nu_{\mathrm{fixed}}$,0.06727272727272728,270.3065229639323,41.2725884870772,499.3404574407874
nu Fixed,$\nu_{\mathrm{fixed}}$,0.07152525252525252,260.7954622343926,34.6601705124088,486.93075395637635
nu Fixed,$\nu_{\mathrm{fixed}}$,0.07577777777777778,251.46090454423998,25.931493651214225,476.99031543726574
nu Fixed,$\nu_{\mathrm{fixed}}$,0.08003030303030303,242.32050020602261,15.330842826109233,469.310157585936
nu Fixed,$\nu_{\mathrm{fixed}}$,0.08428282828282828,233.39189952050629,3.173811516854528,463.60998752415804
nu Fixed,$\nu_{\mathrm{fixed}}$,0.08853535353535354,224.69275277112328,-10.181509478073735,459.5670150203203
nu Fixed,$\nu_{\mathrm{fixed}}$,0.09278787878787878,216.24071023991846,-24.36258648907446,456.84400696891134
nu Fixed,$\nu_{\mathrm{fixed}}$,0.09704040404040404,208.05342220893647,-39.00470278221334,455.1115472000863
nu Fixed,$\nu_{\mathrm{fixed}}$,0.1012929292929293,200.14853896022228,-53.76560198390723,454.0626799043518
nu Fixed,$\nu_{\mathrm{fixed}}$,0.10554545454545454,192.54371077521492,-68.3331681066908,453.4205896571207
nu Fixed,$\nu_{\mathrm{fixed}}$,0.1097979797979798,185.25658792317162,-82.42795636813307,452.9411322144763
nu Fixed,$\nu_{\mathrm{fixed}}$,0.11405050505050504,178.304820662068,-95.80252274040461,452.41216406454066
nu Fixed,$\nu_{\mathrm{fixed}}$,0.1183030303030303,171.70605924945409,-108.23912695065633,451.6512454495645
nu Fixed,$\nu_{\mathrm{fixed}}$,0.12255555555555556,165.47795394287982,-119.54689427733365,450.5028021630933
nu Fixed,$\nu_{\mathrm{fixed}}$,0.12680808080808081,159.63815499989533,-129.55910777468807,448.83541777447874
nu Fixed,$\nu_{\mathrm{fixed}}$,0.13106060606060607,154.20431267690316,-138.1310188664088,446.5396442202151
nu Fixed,$\nu_{\mathrm{fixed}}$,0.13531313131313133,149.19407721869956,-145.13840092183446,443.5265553592336
nu Fixed,$\nu_{\mathrm{fixed}}$,0.13956565656565656,144.6250988633417,-150.47700005475383,439.7271977814372
nu Fixed,$\nu_{\mathrm{fixed}}$,0.14381818181818182,140.51502784880373,-154.06303564557757,435.09309134318505
nu Fixed,$\nu_{\mathrm{fixed}}$,0.14807070707070707,136.88151441305985,-155.83495574750498,429.5979845736247
nu Fixed,$\nu_{\mathrm{fixed}}$,0.15232323232323233,133.7422087940841,-155.75675558578604,423.2411731739542
nu Fixed,$\nu_{\mathrm{fixed}}$,0.15657575757575756,131.11442461407364,-153.82527120285465,416.05412043100193
nu Fixed,$\nu_{\mathrm{fixed}}$,0.16082828282828282,129.01355374328685,-150.08670698922705,408.1138144758007
nu Fixed,$\nu_{\mathrm{fixed}}$,0.16508080808080808,127.4543071406013,-144.63921988880327,399.5478341700059
nu Fixed,$\nu_{\mathrm{fixed}}$,0.16933333333333334,126.45139496699055,-137.64404324327586,390.546833177257
nu Fixed,$\nu_{\mathrm{fixed}}$,0.1735858585858586,126.01952738342808,-129.34652652801583,381.385581294872
nu Fixed,$\nu_{\mathrm{fixed}}$,0.17783838383838382,126.17341175279839,-120.10395368112137,372.45077718671814
nu Fixed,$\nu_{\mathrm{fixed}}$,0.18209090909090908,126.91144817463095,-110.46659941730007,364.28949576656197
nu Fixed,$\nu_{\mathrm{fixed}}$,0.18634343434343434,128.1773257120143,-101.26071570683098,357.61536713085957
nu Fixed,$\nu_{\mathrm{fixed}}$,0.1905959595959596,129.90327245502695,-93.35427703453612,353.16082194459
nu Fixed,$\nu_{\mathrm{fixed}}$,0.19484848484848485,132.02151649374764,-87.53803866760046,351.58107165509574
nu Fixed,$\nu_{\mathrm{fixed}}$,0.19910101010101008,134.46428591825483,-84.4251550278787,353.35372686438836
nu Fixed,$\nu_{\mathrm{fixed}}$,0.20335353535353534,137.16356506929387,-84.35656526256619,358.68369540115395
nu Fixed,$\nu_{\mathrm{fixed}}$,0.2076060606060606,140.01704199468946,-87.33085297425774,367.36493696363664
nu Fixed,$\nu_{\mathrm{fixed}}$,0.21185858585858586,142.85304282259224,-92.92982557230323,378.6359112174877
nu Fixed,$\nu_{\mathrm{fixed}}$,0.21611111111111111,145.49152622356834,-100.39715450843121,391.3802069555679
nu Fixed,$\nu_{\mathrm{fixed}}$,0.22036363636363637,147.75245086818418,-108.80698281250906,404.3118845488774
nu Fixed,$\nu_{\mathrm{fixed}}$,0.2246161616161616,149.45577542700593,-117.20345068758834,416.11500154160024
nu Fixed,$\nu_{\mathrm{fixed}}$,0.22886868686868686,150.42312868142585,-124.6941000552352,425.5403574180869
nu Fixed,$\nu_{\mathrm{fixed}}$,0.23312121212121212,150.53676979185715,-130.61339021548721,431.6869297992015
nu Fixed,$\nu_{\mathrm{fixed}}$,0.23737373737373738,149.75532044956685,-134.57421269113485,434.08485359026855
nu Fixed,$\nu_{\mathrm{fixed}}$,0.24162626262626263,148.0422714735941,-136.32632434743715,432.41086729462535
nu Fixed,$\nu_{\mathrm{fixed}}$,0.24587878787878786,145.36111368297819,-135.7481813287133,426.4704086946697
nu Fixed,$\nu_{\mathrm{fixed}}$,0.25013131313131315,141.67533789675832,-132.8722078193423,416.22288361285894
nu Fixed,$\nu_{\mathrm{fixed}}$,0.2543838383838384,136.96461618041988,-127.96168428785157,401.89091664869136
nu Fixed,$\nu_{\mathrm{fixed}}$,0.25863636363636366,131.46239108746298,-121.78399528561206,384.70877746053804
nu Fixed,$\nu_{\mathrm{fixed}}$,0.2628888888888889,125.60359405213536,-115.25561275867109,366.46280086294183
nu Fixed,$\nu_{\mathrm{fixed}}$,0.2671414141414142,119.82870667621533,-108.99017571492782,348.64758906735847
nu Fixed,$\nu_{\mathrm{fixed}}$,0.2713939393939394,114.57821056148171,-103.18185464332873,332.33827576629216
nu Fixed,$\nu_{\mathrm{fixed}}$,0.27564646464646464,110.29258730971293,-97.60784847834873,318.1930230977746
nu Fixed,$\nu_{\mathrm{fixed}}$,0.2798989898989899,107.37193338438558,-91.94454150763059,306.6884082764018
nu Fixed,$\nu_{\mathrm{fixed}}$,0.28415151515151515,105.88157322405402,-86.84205512395624,298.6052015720643
nu Fixed,$\nu_{\mathrm{fixed}}$,0.28840404040404044,105.72130183149235,-83.05945007022885,294.50205373321353
nu Fixed,$\nu_{\mathrm{fixed}}$,0.29265656565656567,106.78973776484517,-80.4945464513248,294.0740219810151
nu Fixed,$\nu_{\mathrm{fixed}}$,0.29690909090909096,108.98549958225698,-78.08896368283612,296.0599628473501
nu Fixed,$\nu_{\mathrm{fixed}}$,0.3011616161616162,112.20720584187231,-74.18735361686873,298.60176530061335
nu Fixed,$\nu_{\mathrm{fixed}}$,0.3054141414141414,116.28854634574309,-67.57275228289687,300.14984497438303
nu Fixed,$\nu_{\mathrm{fixed}}$,0.3096666666666667,120.75326168501344,-59.42915997675048,300.93568334677735
nu Fixed,$\nu_{\mathrm{fixed}}$,0.31391919191919193,125.03270846876974,-51.70831326972883,301.77373020726833
nu Fixed,$\nu_{\mathrm{fixed}}$,0.3181717171717172,128.55822745435157,-45.944487562994425,303.06094247169756
nu Fixed,$\nu_{\mathrm{fixed}}$,0.32242424242424245,130.76115939909823,-42.95374724984623,304.4760660480427
nu Fixed,$\nu_{\mathrm{fixed}}$,0.3266767676767677,131.07307944538752,-43.049708446068905,305.19586733684395
nu Fixed,$\nu_{\mathrm{fixed}}$,0.33092929292929296,129.12558106767952,-46.510144137605494,304.76130627296453
nu Fixed,$\nu_{\mathrm{fixed}}$,0.3351818181818182,125.11477410524488,-53.42904103455031,303.65858924504005
nu Fixed,$\nu_{\mathrm{fixed}}$,0.3394343434343435,119.33564958539836,-63.48724746002867,302.1585466308254
nu Fixed,$\nu_{\mathrm{fixed}}$,0.3436868686868687,112.08319853545495,-75.43551859784452,299.60191566875443
nu Fixed,$\nu_{\mathrm{fixed}}$,0.34793939393939394,103.65241198272943,-87.11252493076859,294.41734889622745
nu Fixed,$\nu_{\mathrm{fixed}}$,0.3521919191919192,94.33960350674845,-95.93100905286558,284.61021606636245
nu Fixed,$\nu_{\mathrm{fixed}}$,0.35644444444444445,84.54845676580727,-100.62897760126064,269.7258911328752
nu Fixed,$\nu_{\mathrm{fixed}}$,0.36069696969696974,74.86756937825547,-102.45970870302207,252.194847459533
nu Fixed,$\nu_{\mathrm{fixed}}$,0.36494949494949497,65.90382192421994,-103.1900644224937,234.99770827093357
nu Fixed,$\nu_{\mathrm{fixed}}$,0.3692020202020202,58.2640949838272,-104.3498898910089,220.87807985866328
nu Fixed,$\nu_{\mathrm{fixed}}$,0.3734545454545455,52.55526913720386,-106.62912541012847,211.73966368453617
nu Fixed,$\nu_{\mathrm{fixed}}$,0.3777070707070707,49.37008726938323,-109.51116877409441,208.25134331286085
nu Fixed,$\nu_{\mathrm{fixed}}$,0.381959595959596,48.92639483124976,-112.0435177412875,209.896307403787
nu Fixed,$\nu_{\mathrm{fixed}}$,0.38621212121212123,51.037235300894366,-113.77094767296288,215.8454182747516
nu Fixed,$\nu_{\mathrm{fixed}}$,0.3904646464646465,55.49552250851124,-114.44321738247376,225.43426239949625
nu Fixed,$\nu_{\mathrm{fixed}}$,0.39471717171717174,62.094170284294435,-113.9074569015386,238.09579747012748
nu Fixed,$\nu_{\mathrm{fixed}}$,0.398969696969697,70.62609245843811,-112.10080794124357,253.3529928581198
nu Fixed,$\nu_{\mathrm{fixed}}$,0.40322222222222226,80.7909095612519,-109.22772056656429,270.80953968906806
nu Fixed,$\nu_{\mathrm{fixed}}$,0.4074747474747475,91.12274175453896,-106.98644039959783,289.23192390867575
nu Fixed,$\nu_{\mathrm{fixed}}$,0.4117272727272728,99.36345212377238,-107.65547360934427,306.38237785688904
nu Fixed,$\nu_{\mathrm{fixed}}$,0.415979797979798,103.23976374482669,-112.98674151247187,319.4662690021253
nu Fixed,$\nu_{\mathrm{fixed}}$,0.42023232323232323,100.47839969357678,-124.33000146114448,325.286800848298
nu Fixed,$\nu_{\mathrm{fixed}}$,0.4244848484848485,88.80608304589721,-142.91754272542124,320.5297088172157
nu Fixed,$\nu_{\mathrm{fixed}}$,0.42873737373737375,66.30506456194175,-170.024951407442,302.63508053132546
nu Fixed,$\nu_{\mathrm{fixed}}$,0.43298989898989904,33.49536955714971,-206.08353293982955,273.074272054129
nu Fixed,$\nu_{\mathrm{fixed}}$,0.43724242424242427,-8.080445864289187,-251.41394137796513,235.25304964938678
nu Fixed,$\nu_{\mathrm{fixed}}$,0.4414949494949495,-56.876327330155696,-306.45283599079426,192.70018133048285
nu Fixed,$\nu_{\mathrm{fixed}}$,0.4457474747474748,-111.34622046823105,-371.33091359994137,148.6384726634793
nu Fixed,$\nu_{\mathrm{fixed}}$,0.45,-169.94407090629448,-445.48897963856723,105.60083782597826
E Free,$E_{\mathrm{free}}$,424000000.0,-2272.248517601827,-2623.133522481299,-1921.3635127223552
E Free,$E_{\mathrm{free}}$,4692444444.444445,-1869.9718516452,-2167.382651113947,-1572.5610521764534
E Free,$E_{\mathrm{free}}$,8960888888.88889,-1488.5672270805758,-1740.2786638239486,-1236.855790337203
E Free,$E_{\mathrm{free}}$,13229333333.333334,-1133.05639575365,-1348.911207970928,-917.2015835363717
E Free,$E_{\mathrm{free}}$,17497777777.77778,-808.461109510117,-999.8195703555441,-617.1026486646899
E Free,$E_{\mathrm{free}}$,21766222222.22222,-519.8031201956728,-697.8593325336457,-341.74690785769997
E Free,$E_{\mathrm{free}}$,26034666666.666668,-272.09651335108987,-445.493188331756,-98.69983837042372
E Free,$E_{\mathrm{free}}$,30303111111.111115,-68.11454198217668,-241.5613646067793,105.33228064242597
E Free,$E_{\mathrm{free}}$,34571555555.55556,94.7118196869814,-80.17580613973946,269.5994455137023
E Free,$E_{\mathrm{free}}$,38840000000.0,219.7307211621457,44.25059422883976,395.21084809545164
E Free,$E_{\mathrm{free}}$,43108444444.44444,310.2903119490768,136.44998026671894,484.1306436314346
E Free,$E_{\mathrm{free}}$,47376888888.88889,369.7387415535358,200.55670677284402,538.9207763342276
E Free,$E_{\mathrm{free}}$,51645333333.333336,401.4441876396539,240.23311113087237,562.6552641484354
E Free,$E_{\mathrm{free}}$,55913777777.77778,409.8228754366676,259.0136063095265,560.6321445638087
E Free,$E_{\mathrm{free}}$,60182222222.22223,400.8328274765259,260.73330535097375,540.932349602078
E Free,$E_{\mathrm{free}}$,64450666666.66667,380.5554805448417,249.5457905390584,511.565170550625
E Free,$E_{\mathrm{free}}$,68719111111.111115,355.07227142722707,230.44347325659754,479.7010695978566
E Free,$E_{\mathrm{free}}$,72987555555.55556,330.46463690929465,209.62370200180746,451.3055718167818
E Free,$E_{\mathrm{free}}$,77256000000.0,312.6229864515576,193.97513278663854,431.2708401164767
E Free,$E_{\mathrm{free}}$,81524444444.44444,303.5962197944274,185.9261046056148,421.26633498324
E Free,$E_{\mathrm{free}}$,85792888888.88889,301.875516523485,183.50364797767844,420.2473850692915
E Free,$E_{\mathrm{free}}$,90061333333.33334,305.81789162835634,185.04508906957943,426.59069418713324
E Free,$E_{\mathrm{free}}$,94329777777.77779,313.78036009866804,189.768710675161,437.7920095221751
E Free,$E_{\mathrm{free}}$,98598222222.22223,324.11993692404627,197.52920755643873,450.7106662916538
E Free,$E_{\mathrm{free}}$,102866666666.66667,335.310050592269,208.1419835313762,462.4781176531618
E Free,$E_{\mathrm{free}}$,107135111111.11111,347.00153625037296,220.7425929501038,473.2604795506421
E Free,$E_{\mathrm{free}}$,111403555555.55556,359.5288888713462,234.0755997887742,484.98217795391827
E Free,$E_{\mathrm{free}}$,115672000000.0,373.23502454349483,247.30092446872203,499.16912461826763
E Free,$E_{\mathrm{free}}$,119940444444.44446,388.46285935512486,260.5297962821388,516.3959224281109
E Free,$E_{\mathrm{free}}$,124208888888.8889,405.5553093945418,274.8181343025291,536.2924844865545
E Free,$E_{\mathrm{free}}$,128477333333.33334,424.745507848584,291.31255074748765,558.1784649496803
E Free,$E_{\mathrm{free}}$,132745777777.77779,445.6398332535776,309.26319347671074,582.0164730304444
E Free,$E_{\mathrm{free}}$,137014222222.22223,467.62259366634675,327.22975173459946,608.015435598094
E Free,$E_{\mathrm{free}}$,141282666666.6667,490.07783691757845,344.1915144521104,635.9641593830465
E Free,$E_{\mathrm{free}}$,145551111111.1111,512.3896108379597,359.79893544439756,664.9802862315219
E Free,$E_{\mathrm{free}}$,149819555555.55557,533.9419681063496,374.2836421817616,693.6002940309376
E Free,$E_{\mathrm{free}}$,154088000000.0,554.1472165458581,388.0311804682884,720.2632526234278
E Free,$E_{\mathrm{free}}$,158356444444.44446,572.512460279449,401.0524263408637,743.9724942180343
E Free,$E_{\mathrm{free}}$,162624888888.8889,588.5646615410766,413.32085404603856,763.8084690361146
E Free,$E_{\mathrm{free}}$,166893333333.33334,601.8307825646951,424.89024055889183,778.7713245704985
E Free,$E_{\mathrm{free}}$,171161777777.77777,611.837785584259,435.8162954294338,787.8592757390842
E Free,$E_{\mathrm{free}}$,175430222222.22223,618.1145273188082,445.95694354435653,790.2721110932598
E Free,$E_{\mathrm{free}}$,179698666666.6667,620.456424459189,454.45801406999317,786.4548348483847
E Free,$E_{\mathrm{free}}$,183967111111.1111,619.197993108412,459.6693107348363,778.7266754819877
E Free,$E_{\mathrm{free}}$,188235555555.55557,614.7387834903161,460.0927918849169,769.3847750957153
E Free,$E_{\mathrm{free}}$,192504000000.0,607.4783458287409,454.9041201095825,760.0525715478993
E Free,$E_{\mathrm{free}}$,196772444444.44446,597.8162303475245,444.15968128039344,751.4727794146556
E Free,$E_{\mathrm{free}}$,201040888888.8889,586.1527806782062,428.4613409264314,743.8442204299811
E Free,$E_{\mathrm{free}}$,205309333333.33334,572.9171436962727,407.76857423321076,738.0657131593346
E Free,$E_{\mathrm{free}}$,209577777777.7778,558.5747432829014,381.7152588160275,735.4342277497753
E Free,$E_{\mathrm{free}}$,213846222222.22223,543.5933164612512,351.2068303221009,735.9798026004015
E Free,$E_{\mathrm{free}}$,218114666666.6667,528.44060025448,318.4665721876238,738.4146283213363
E Free,$E_{\mathrm{free}}$,222383111111.1111,513.584331685747,286.47687338774085,740.6917899837531
E Free,$E_{\mathrm{free}}$,226651555555.55557,499.48249038644036,258.32580008300914,740.6391806898716
E Free,$E_{\mathrm{free}}$,230920000000.0,486.44003081283125,235.55945951831796,737.3206021073445
E Free,$E_{\mathrm{free}}$,235188444444.44446,474.64040837887836,218.18610741447407,731.0947093432826
E Free,$E_{\mathrm{free}}$,239456888888.88892,464.2637317131638,205.82353963088605,722.7039237954416
E Free,$E_{\mathrm{free}}$,243725333333.33334,455.49010944427,197.88738638319592,713.0928325053441
E Free,$E_{\mathrm{free}}$,247993777777.7778,448.49965020077855,193.68249130234778,703.3168090992093
E Free,$E_{\mathrm{free}}$,252262222222.22223,443.47176836783973,192.45841571341268,694.4851210222668
E Free,$E_{\mathrm{free}}$,256530666666.6667,440.58012340962796,193.4085251668243,687.7517216524316
E Free,$E_{\mathrm{free}}$,260799111111.1111,439.9955292454354,195.859621642408,684.1314368484628
E Free,$E_{\mathrm{free}}$,265067555555.55557,441.8887795708046,199.44419419816364,684.3333649434455
E Free,$E_{\mathrm{free}}$,269336000000.0,446.4306680812775,204.18126724633234,688.6800689162226
E Free,$E_{\mathrm{free}}$,273604444444.44446,453.79198847239627,210.48802792220417,697.0959490225883
E Free,$E_{\mathrm{free}}$,277872888888.8889,464.10007466609443,219.0233792825157,709.1767700496732
E Free,$E_{\mathrm{free}}$,282141333333.3334,477.2747974609254,230.1814351566396,724.3681597652112
E Free,$E_{\mathrm{free}}$,286409777777.7778,493.17419084865713,244.1927797243277,742.1556019729866
E Free,$E_{\mathrm{free}}$,290678222222.2222,511.6562782107618,261.19836430509577,762.1141921164278
E Free,$E_{\mathrm{free}}$,294946666666.6667,532.5790829287118,281.21951737615257,783.9386484812711
E Free,$E_{\mathrm{free}}$,299215111111.11115,555.8005028109658,304.120623188084,807.4803824338476
E Free,$E_{\mathrm{free}}$,303483555555.55554,581.0712747957951,329.3428655304099,832.7996840611804
E Free,$E_{\mathrm{free}}$,307752000000.0,607.8396932190483,355.5649050233865,860.1144814147101
E Free,$E_{\mathrm{free}}$,312020444444.44446,635.5010763016041,381.42501276143776,889.5771398417705
E Free,$E_{\mathrm{free}}$,316288888888.8889,663.4507422643427,405.7865869852719,921.1148975434135
E Free,$E_{\mathrm{free}}$,320557333333.3334,691.0840093281444,427.8477082644763,954.3203103918124
E Free,$E_{\mathrm{free}}$,324825777777.7778,717.7969602249626,447.18612680644594,988.4077936434793
E Free,$E_{\mathrm{free}}$,329094222222.2222,743.0477437538037,463.7523855149585,1022.3431019926489
E Free,$E_{\mathrm{free}}$,333362666666.6667,766.4013995940285,477.7678299135158,1055.0349692745413
E Free,$E_{\mathrm{free}}$,337631111111.11115,787.4335360260883,489.5766735611423,1085.2903984910342
E Free,$E_{\mathrm{free}}$,341899555555.55554,805.719761330435,499.58104493774886,1111.858477723121
E Free,$E_{\mathrm{free}}$,346168000000.0,820.8356837875203,508.1969138415136,1133.474453733527
E Free,$E_{\mathrm{free}}$,350436444444.44446,832.3669759550015,515.8233653489781,1148.910586561025
E Free,$E_{\mathrm{free}}$,354704888888.8889,840.1661906476191,522.8011251788449,1157.5312561163933
E Free,$E_{\mathrm{free}}$,358973333333.3334,844.374049242301,529.3481826775704,1159.3999158070314
E Free,$E_{\mathrm{free}}$,363241777777.7778,845.145602916919,535.564567346938,1154.7266384869
E Free,$E_{\mathrm{free}}$,367510222222.2222,842.6359028493448,541.4514035610084,1143.8204021376812
E Free,$E_{\mathrm{free}}$,371778666666.6667,837.0000002174509,546.915333081683,1127.0846673532187
E Free,$E_{\mathrm{free}}$,376047111111.11115,828.3972514353702,551.7580481933653,1105.036454677375
E Free,$E_{\mathrm{free}}$,380315555555.5556,817.0407976419233,555.6433756187802,1078.4382196650663
E Free,$E_{\mathrm{free}}$,384584000000.0,803.1803405209829,558.0612845805379,1048.299396461428
E Free,$E_{\mathrm{free}}$,388852444444.44446,787.0662804273697,558.2824673447685,1015.850093509971
E Free,$E_{\mathrm{free}}$,393120888888.8889,768.9490177159054,555.3031043469593,982.5949310848514
E Free,$E_{\mathrm{free}}$,397389333333.3334,749.0789527414115,547.8233318326015,950.3345736502215
E Free,$E_{\mathrm{free}}$,401657777777.7778,727.7026010434321,534.3418203896922,921.063381697172
E Free,$E_{\mathrm{free}}$,405926222222.2222,705.0398408439346,513.4490543218723,896.6306273659969
E Free,$E_{\mathrm{free}}$,410194666666.6667,681.299377273718,484.2972792404356,878.3014753070005
E Free,$E_{\mathrm{free}}$,414463111111.11115,656.6898772383589,446.96610747317357,866.4136470035443
E Free,$E_{\mathrm{free}}$,418731555555.5556,631.4200076434331,402.406508542552,860.4335067443142
E Free,$E_{\mathrm{free}}$,423000000000.0,605.698435394518,352.04254530941546,859.3543254796206
rho Free,$\rho_{\mathrm{free}}$,1190.2,1948.2185111309304,1720.0382796753602,2176.3987425865007
rho Free,$\rho_{\mathrm{free}}$,1394.0262626262627,1841.0787701191316,1646.2826800577589,2035.8748601805044
rho Free,$\rho_{\mathrm{free}}$,1597.8525252525253,1740.0161350852818,1567.0038417582311,1913.0284284123325
rho Free,$\rho_{\mathrm{free}}$,1801.678787878788,1646.1192944108539,1482.930143739541,1809.3084450821666
rho Free,$\rho_{\mathrm{free}}$,2005.5050505050506,1560.47693647732,1397.6182810267346,1723.3355919279052
rho Free,$\rho_{\mathrm{free}}$,2209.3313131313134,1484.1777496661518,1316.5912612294997,1651.764238102804
rho Free,$\rho_{\mathrm{free}}$,2413.1575757575756,1418.3068527601358,1245.301166936294,1591.3125385839776
rho Free,$\rho_{\mathrm{free}}$,2616.9838383838387,1362.905984066458,1186.393213495663,1539.4187546372527
rho Free,$\rho_{\mathrm{free}}$,2820.810101010101,1315.5294004366096,1137.6581480465227,1493.4006528266966
rho Free,$\rho_{\mathrm{free}}$,3024.636363636364,1273.3685817295507,1095.9434166495348,1450.7937468095665
rho Free,$\rho_{\mathrm{free}}$,3228.462626262626,1233.6150078042433,1058.2905268791797,1408.939488729307
rho Free,$\rho_{\mathrm{free}}$,3432.2888888888892,1193.4601585196478,1022.1726572427416,1364.7476597965542
rho Free,$\rho_{\mathrm{free}}$,3636.1151515151514,1150.1240617035323,985.4160716664082,1314.8320517406564
rho Free,$\rho_{\mathrm{free}}$,3839.9414141414145,1102.320623384662,946.5022449442606,1258.1390018250634
rho Free,$\rho_{\mathrm{free}}$,4043.7676767676767,1050.9614145237897,904.5436305632037,1197.3791984843758
rho Free,$\rho_{\mathrm{free}}$,4247.59393939394,997.1339197227817,858.5775740796964,1135.690265365867
rho Free,$\rho_{\mathrm{free}}$,4451.420202020202,941.925623583505,808.0538950636392,1075.7973521033707
rho Free,$\rho_{\mathrm{free}}$,4655.246464646465,886.4240107078259,753.3291496924553,1019.5188717231965
rho Free,$\rho_{\mathrm{free}}$,4859.072727272727,831.6930448046572,695.6328022346347,967.7532873746798
rho Free,$\rho_{\mathrm{free}}$,5062.89898989899,778.3236905558642,635.941088332079,920.7062927796495
rho Free,$\rho_{\mathrm{free}}$,5266.7252525252525,726.4688561774051,574.9199756414246,878.0177367133856
rho Free,$\rho_{\mathrm{free}}$,5470.551515151515,676.2649304103501,513.7711065330874,838.7587542876128
rho Free,$\rho_{\mathrm{free}}$,5674.377777777778,627.848301995769,454.18834873978744,801.5082552517506
rho Free,$\rho_{\mathrm{free}}$,5878.204040404041,581.3553596747328,398.021241768246,764.6894775812195
rho Free,$\rho_{\mathrm{free}}$,6082.030303030303,536.9109809140863,346.7330478754685,727.088913952704
rho Free,$\rho_{\mathrm{free}}$,6285.856565656565,494.5236180998602,300.000678534685,689.0465576650354
rho Free,$\rho_{\mathrm{free}}$,6489.682828282828,454.13412152847724,256.84146121450266,651.4267818424519
rho Free,$\rho_{\mathrm{free}}$,6693.509090909091,415.6825087942313,216.88778445882392,614.4772331296386
rho Free,$\rho_{\mathrm{free}}$,6897.3353535353535,379.108797491416,180.50329839678767,577.7142965860444
rho Free,$\rho_{\mathrm{free}}$,7101.161616161616,344.3530052143253,148.548551388177,540.1574590404737
rho Free,$\rho_{\mathrm{free}}$,7304.987878787879,311.3213566574185,121.5704553059901,501.0722580088469
rho Free,$\rho_{\mathrm{free}}$,7508.814141414142,279.72715159841084,98.04873153419112,461.40557166263056
rho Free,$\rho_{\mathrm{free}}$,7712.640404040404,249.21533303659712,75.5787588010613,422.85190727213296
rho Free,$\rho_{\mathrm{free}}$,7916.466666666666,219.43076386958353,52.12216283923277,386.7393648999343
rho Free,$\rho_{\mathrm{free}}$,8120.292929292929,190.01830699497583,26.677506349340206,353.35910764061146
rho Free,$\rho_{\mathrm{free}}$,8324.119191919193,160.6228746886768,-0.4505805280371362,321.6963299053907
rho Free,$\rho_{\mathrm{free}}$,8527.945454545456,131.17715593796584,-28.067762456577015,290.4220743325087
rho Free,$\rho_{\mathrm{free}}$,8731.771717171718,102.57933355948754,-55.02964748431984,260.1883146032949
rho Free,$\rho_{\mathrm{free}}$,8935.59797979798,75.92984387191173,-80.52005237207491,232.37974011589836
rho Free,$\rho_{\mathrm{free}}$,9139.424242424244,52.32912319390744,-103.72325948304282,208.3815058708577
rho Free,$\rho_{\mathrm{free}}$,9343.250505050506,32.8776078441447,-123.59039007912213,189.34560576741154
rho Free,$\rho_{\mathrm{free}}$,9547.076767676768,18.66990886712684,-138.78966494820955,176.12948268246325
rho Free,$\rho_{\mathrm{free}}$,9750.90303030303,9.981003028240652,-148.8464501777707,168.808456234252
rho Free,$\rho_{\mathrm{free}}$,9954.729292929294,5.428212513053241,-155.1046574102731,165.96108243637957
rho Free,$\rho_{\mathrm{free}}$,10158.555555555557,3.4288887674073276,-158.6115555566695,165.46933309148415
rho Free,$\rho_{\mathrm{free}}$,10362.381818181819,2.4003832371454066,-159.93124695282782,164.73201342711863
rho Free,$\rho_{\mathrm{free}}$,10566.208080808083,0.7600473681100448,-159.45277331861251,160.9728680548326
rho Free,$\rho_{\mathrm{free}}$,10770.034343434345,-3.0653619527003513,-157.92384484027409,151.79312093487337
rho Free,$\rho_{\mathrm{free}}$,10973.860606060607,-10.307640161108752,-157.86971114298677,137.25443082076924
rho Free,$\rho_{\mathrm{free}}$,11177.68686868687,-21.768537405338517,-163.7807753235822,120.24370051290515
rho Free,$\rho_{\mathrm{free}}$,11381.513131313131,-38.222382722371435,-180.12146819214942,103.67670274740655
rho Free,$\rho_{\mathrm{free}}$,11585.339393939395,-60.44350514918949,-209.53986843906293,88.65285814068395
rho Free,$\rho_{\mathrm{free}}$,11789.165656565658,-89.2062337227741,-251.84170864115038,73.42924119560217
rho Free,$\rho_{\mathrm{free}}$,11992.99191919192,-125.18977260379827,-304.79006169529276,54.41051648769621
rho Free,$\rho_{\mathrm{free}}$,12196.818181818184,-167.5814825177817,-364.983169757297,29.820204721733575
rho Free,$\rho_{\mathrm{free}}$,12400.644444444446,-214.38422923044314,-428.9654515970157,0.1969931361294357
rho Free,$\rho_{\mathrm{free}}$,12604.470707070708,-263.5682506749294,-493.7537193438845,-33.38278200597432
rho Free,$\rho_{\mathrm{free}}$,12808.29696969697,-313.1037847843851,-556.6312909231608,-69.57627864560942
rho Free,$\rho_{\mathrm{free}}$,13012.123232323233,-360.96106949195666,-615.0339036546881,-106.88823532922524
rho Free,$\rho_{\mathrm{free}}$,13215.949494949497,-405.2678146155044,-666.7330687113094,-143.8025605196994
rho Free,$\rho_{\mathrm{free}}$,13419.775757575759,-445.4570909034368,-711.4423479742794,-179.47183383259414
rho Free,$\rho_{\mathrm{free}}$,13623.60202020202,-481.6074103066451,-749.7835338088632,-213.43128680442692
rho Free,$\rho_{\mathrm{free}}$,13827.428282828285,-513.8018720316519,-782.294868965261,-245.30887509804285
rho Free,$\rho_{\mathrm{free}}$,14031.254545454547,-542.1235752849785,-809.3755047132754,-274.8716458566817
rho Free,$\rho_{\mathrm{free}}$,14235.08080808081,-566.6556192731471,-831.2574309514157,-302.0538075948785
rho Free,$\rho_{\mathrm{free}}$,14438.907070707071,-587.5038370679994,-848.0481279327885,-326.9595462032102
rho Free,$\rho_{\mathrm{free}}$,14642.733333333334,-604.8825859768731,-859.935088196763,-349.8300837569832
rho Free,$\rho_{\mathrm{free}}$,14846.559595959598,-619.0385702228975,-867.0613589897611,-371.015781456034
rho Free,$\rho_{\mathrm{free}}$,15050.38585858586,-630.218499579462,-869.4986577060257,-390.93834145289827
rho Free,$\rho_{\mathrm{free}}$,15254.212121212122,-638.6690838199557,-867.3211100936816,-410.0170575462299
rho Free,$\rho_{\mathrm{free}}$,15458.038383838386,-644.6372729386816,-860.7339940505649,-428.54055182679826
rho Free,$\rho_{\mathrm{free}}$,15661.864646464648,-648.5750154518897,-850.812851425366,-446.3371794784134
rho Free,$\rho_{\mathrm{free}}$,15865.69090909091,-651.5128319456834,-840.4299625299907,-462.5957013613761
rho Free,$\rho_{\mathrm{free}}$,16069.517171717172,-654.5825862039935,-832.5428750812096,-476.6222973267774
rho Free,$\rho_{\mathrm{free}}$,16273.343434343435,-658.9161420107515,-829.4575396468047,-488.3747443746984
rho Free,$\rho_{\mathrm{free}}$,16477.169696969697,-665.6453631498887,-832.4374977154548,-498.85322858432255
rho Free,$\rho_{\mathrm{free}}$,16680.99595959596,-675.8942443674089,-841.6974586539403,-510.09103008087743
rho Free,$\rho_{\mathrm{free}}$,16884.82222222222,-690.1479404342051,-856.7494861621306,-523.5463947062797
rho Free,$\rho_{\mathrm{free}}$,17088.648484848487,-707.7913887142923,-876.7543948819996,-538.8283825465851
rho Free,$\rho_{\mathrm{free}}$,17292.47474747475,-728.100744991374,-900.666893178959,-555.534596803789
rho Free,$\rho_{\mathrm{free}}$,17496.30101010101,-750.3521650491546,-927.1590140073483,-573.5453160909608
rho Free,$\rho_{\mathrm{free}}$,17700.127272727274,-773.8218046713378,-954.7421022541736,-592.901507088502
rho Free,$\rho_{\mathrm{free}}$,17903.953535353536,-797.7875914646795,-982.095827110601,-613.479355818758
rho Free,$\rho_{\mathrm{free}}$,18107.779797979798,-821.574437492134,-1009.1913852977416,-633.9574896865265
rho Free,$\rho_{\mathrm{free}}$,18311.60606060606,-844.55798709388,-1036.993589690575,-652.1223844971851
rho Free,$\rho_{\mathrm{free}}$,18515.432323232326,-866.11640738159,-1065.8353010403682,-666.3975137228117
rho Free,$\rho_{\mathrm{free}}$,18719.258585858588,-885.6278654669347,-1094.949268548397,-676.3064623854725
rho Free,$\rho_{\mathrm{free}}$,18923.08484848485,-902.4705284615869,-1122.503162873476,-682.4378940496979
rho Free,$\rho_{\mathrm{free}}$,19126.911111111112,-916.0550336156264,-1146.0449548810755,-686.0651123501773
rho Free,$\rho_{\mathrm{free}}$,19330.737373737375,-926.1976631539253,-1163.947760259982,-688.4475660478686
rho Free,$\rho_{\mathrm{free}}$,19534.563636363637,-932.9904393272195,-1175.628977454526,-690.3519011999131
rho Free,$\rho_{\mathrm{free}}$,19738.3898989899,-936.5306537700887,-1180.922059846173,-692.1392476940044
rho Free,$\rho_{\mathrm{free}}$,19942.216161616165,-936.9155981171126,-1180.0063317528418,-693.8248644813834
rho Free,$\rho_{\mathrm{free}}$,20146.042424242427,-934.2425640028714,-1173.4244113637903,-695.0607166419525
rho Free,$\rho_{\mathrm{free}}$,20349.86868686869,-928.6389168778879,-1162.2645258451319,-695.0133079106439
rho Free,$\rho_{\mathrm{free}}$,20553.69494949495,-920.4382316850188,-1148.7772939469335,-692.0991694231041
rho Free,$\rho_{\mathrm{free}}$,20757.521212121213,-910.0605784674931,-1135.815044446362,-684.3061124886242
rho Free,$\rho_{\mathrm{free}}$,20961.347474747476,-897.9263231843672,-1126.1623220687698,-669.6903242999647
rho Free,$\rho_{\mathrm{free}}$,21165.173737373738,-884.4558317946978,-1121.9531649620017,-646.9584986273941
rho Free,$\rho_{\mathrm{free}}$,21369.0,-870.0694702575413,-1124.182142664769,-615.9567978503137
nu Free,$\nu_{\mathrm{free}}$,0.029,566.6319133488724,215.09507345438493,918.16875324336
nu Free,$\nu_{\mathrm{free}}$,0.033252525252525256,559.4016252887468,228.2246605328661,890.5785900446275
nu Free,$\nu_{\mathrm{free}}$,0.037505050505050506,552.1648211759702,240.10210506214844,864.227537289792
nu Free,$\nu_{\mathrm{free}}$,0.04175757575757576,544.9184910039191,250.50358593449454,839.3333960733437
nu Free,$\nu_{\mathrm{free}}$,0.046010101010101015,537.6596247659689,259.19283366111296,816.126415870825
nu Free,$\nu_{\mathrm{free}}$,0.05026262626262626,530.3852124554953,265.9304232291941,794.8400016817966
nu Free,$\nu_{\mathrm{free}}$,0.054515151515151516,523.0922435144456,270.4890445754163,775.6954424534749
nu Free,$\nu_{\mathrm{free}}$,0.058767676767676774,515.7775462041675,272.6751958740162,758.8798965343187
nu Free,$\nu_{\mathrm{free}}$,0.06302020202020202,508.4375645218215,272.3571706245479,744.5179584190951
nu Free,$\nu_{\mathrm{free}}$,0.06727272727272728,501.06868642306245,269.49142354540425,732.6459493007206
nu Free,$\nu_{\mathrm{free}}$,0.07152525252525252,493.66729986354454,264.13851975303544,723.1960799740536
nu Free,$\nu_{\mathrm{free}}$,0.07577777777777778,486.2297927989227,256.4643392371112,715.9952463607342
nu Free,$\nu_{\mathrm{free}}$,0.08003030303030303,478.7525531844074,246.7253663999898,710.779739968825
nu Free,$\nu_{\mathrm{free}}$,0.08428282828282828,471.2319689519865,235.24233828530177,707.2215996186712
nu Free,$\nu_{\mathrm{free}}$,0.08853535353535354,463.6644279994831,222.36979148233698,704.9590645166293
nu Free,$\nu_{\mathrm{free}}$,0.09278787878787878,456.04631822198627,208.4685893457634,703.6240470982091
nu Free,$\nu_{\mathrm{free}}$,0.09704040404040404,448.3740275145847,193.88553826804346,702.862516761126
nu Free,$\nu_{\mathrm{free}}$,0.1012929292929293,440.64394377236704,178.94093937894246,702.3469481657917
nu Free,$\nu_{\mathrm{free}}$,0.10554545454545454,432.85245488906213,163.92280186977746,701.7821079083468
nu Free,$\nu_{\mathrm{free}}$,0.1097979797979798,424.99594873104786,149.0856728653876,700.9062245967082
nu Free,$\nu_{\mathrm{free}}$,0.11405050505050504,417.0708131393724,134.65215430209554,699.4894719766492
nu Free,$\nu_{\mathrm{free}}$,0.1183030303030303,409.07343595412823,120.81565204718135,697.3312198610752
nu Free,$\nu_{\mathrm{free}}$,0.12255555555555556,401.00020501540814,107.74340262172575,694.2570074090905
nu Free,$\nu_{\mathrm{free}}$,0.12680808080808081,392.8475081633047,95.57920958206171,690.1158067445477
nu Free,$\nu_{\mathrm{free}}$,0.13106060606060607,384.6117332350294,84.44557083798611,684.7778956320727
nu Free,$\nu_{\mathrm{free}}$,0.13531313131313133,376.2892680386489,74.44501178272361,678.1335242945743
nu Free,$\nu_{\mathrm{free}}$,0.13956565656565656,367.8765003653072,65.66048671345413,670.0925140171603
nu Free,$\nu_{\mathrm{free}}$,0.14381818181818182,359.3698180059407,58.15469474839597,660.5849412634855
nu Free,$\nu_{\mathrm{free}}$,0.14807070707070707,350.76560875148465,51.96808715517034,649.563130347799
nu Free,$\nu_{\mathrm{free}}$,0.15232323232323233,342.060260392875,47.115220332303295,637.0053004534468
nu Free,$\nu_{\mathrm{free}}$,0.15657575757575756,333.25057755023226,43.57763035570224,622.9235247447623
nu Free,$\nu_{\mathrm{free}}$,0.16082828282828282,324.3357445369283,41.289632040600225,607.3818570332564
nu Free,$\nu_{\mathrm{free}}$,0.16508080808080808,315.31578883458496,40.13215818055909,590.4994194886108
nu Free,$\nu_{\mathrm{free}}$,0.16933333333333334,306.19073891286337,39.91849359357241,572.4629842321543
nu Free,$\nu_{\mathrm{free}}$,0.1735858585858586,296.96062324142474,40.3703802292581,553.5508662535914
nu Free,$\nu_{\mathrm{free}}$,0.17783838383838382,287.6254713205841,41.085881057620185,534.165061583548
nu Free,$\nu_{\mathrm{free}}$,0.18209090909090908,278.1913192996763,41.47171572623776,514.9109228731148
nu Free,$\nu_{\mathrm{free}}$,0.18634343434343434,268.6843556973391,40.70336114412618,496.66535025055197
nu Free,$\nu_{\mathrm{free}}$,0.1905959595959596,259.13499058924265,37.914782498501864,480.35519867998346
nu Free,$\nu_{\mathrm{free}}$,0.19484848484848485,249.57363405105764,32.318162902000665,466.8291052001146
nu Free,$\nu_{\mathrm{free}}$,0.19910101010101008,240.03069615845436,23.32765104769814,456.73374126921055
nu Free,$\nu_{\mathrm{free}}$,0.20335353535353534,230.53641447750113,10.677589425032494,450.3952395299698
nu Free,$\nu_{\mathrm{free}}$,0.2076060606060606,221.09675393416825,-5.485269120913074,447.67877698924957
nu Free,$\nu_{\mathrm{free}}$,0.21185858585858586,211.66858969079885,-24.52209162179784,447.8592710033955
nu Free,$\nu_{\mathrm{free}}$,0.21611111111111111,202.20287497855352,-45.429974698409126,449.8357246555162
nu Free,$\nu_{\mathrm{free}}$,0.22036363636363637,192.65056302859333,-67.0425965706253,452.343722627812
nu Free,$\nu_{\mathrm{free}}$,0.2246161616161616,182.96260707207887,-88.18315674897406,454.1083708931318
nu Free,$\nu_{\mathrm{free}}$,0.22886868686868686,173.09051340586163,-107.75956013530438,453.94058694702767
nu Free,$\nu_{\mathrm{free}}$,0.23312121212121212,163.00586638504305,-124.96851394722282,450.9802467173089
nu Free,$\nu_{\mathrm{free}}$,0.23737373737373738,152.70553820503466,-139.35379824480748,444.7648746548768
nu Free,$\nu_{\mathrm{free}}$,0.24162626262626263,142.18801349766352,-150.60470374257585,434.9807307379029
nu Free,$\nu_{\mathrm{free}}$,0.24587878787878786,131.4517768947569,-158.5407163700978,421.4442701596116
nu Free,$\nu_{\mathrm{free}}$,0.25013131313131315,120.4953130281418,-163.13418790342993,404.1248139597135
nu Free,$\nu_{\mathrm{free}}$,0.2543838383838384,109.32539069834183,-164.59476471734718,383.24554611403084
nu Free,$\nu_{\mathrm{free}}$,0.25863636363636366,98.07869932354387,-163.78820872177326,359.94560736886103
nu Free,$\nu_{\mathrm{free}}$,0.2628888888888889,86.99508279054122,-161.86153721120434,335.8517027922868
nu Free,$\nu_{\mathrm{free}}$,0.2671414141414142,76.31722645598946,-159.68092816125176,312.31538107323064
nu Free,$\nu_{\mathrm{free}}$,0.2713939393939394,66.28781567654468,-157.71178863939713,290.2874199924865
nu Free,$\nu_{\mathrm{free}}$,0.27564646464646464,57.14953580886265,-156.00935723268913,270.30842885041443
nu Free,$\nu_{\mathrm{free}}$,0.2798989898989899,49.13449898467336,-154.47751078337598,252.74650875272272
nu Free,$\nu_{\mathrm{free}}$,0.28415151515151515,42.38717073928109,-153.69068656553705,238.46502804409923
nu Free,$\nu_{\mathrm{free}}$,0.28840404040404044,37.008679379743725,-154.2088233975369,228.22618215702437
nu Free,$\nu_{\mathrm{free}}$,0.29265656565656567,33.09984520838795,-155.7594120189715,221.95910243574735
nu Free,$\nu_{\mathrm{free}}$,0.29690909090909096,30.761488527540152,-157.12934038764877,218.65231744272904
nu Free,$\nu_{\mathrm{free}}$,0.3011616161616162,30.094429639526922,-156.50350579636273,216.69236507541655
nu Free,$\nu_{\mathrm{free}}$,0.3054141414141414,31.08961662756762,-152.53281813871178,214.712051393847
nu Free,$\nu_{\mathrm{free}}$,0.3096666666666667,33.21350257971538,-146.46053487606082,212.8875400354916
nu Free,$\nu_{\mathrm{free}}$,0.31391919191919193,35.77620872539137,-140.3648390604895,211.91725651127223
nu Free,$\nu_{\mathrm{free}}$,0.3181717171717172,38.08782946974462,-135.90693293622917,212.08259187571844
nu Free,$\nu_{\mathrm{free}}$,0.32242424242424245,39.458459217924066,-134.02012808548534,212.93704652133346
nu Free,$\nu_{\mathrm{free}}$,0.3266767676767677,39.1983823907272,-135.12561746075332,213.52238224220773
nu Free,$\nu_{\mathrm{free}}$,0.33092929292929296,36.78003801299533,-139.6314990383112,213.19157506430187
nu Free,$\nu_{\mathrm{free}}$,0.3351818181818182,32.133517798996664,-147.82834687695572,212.09538247494908
nu Free,$\nu_{\mathrm{free}}$,0.3394343434343435,25.269076314712713,-159.5917513291897,210.12990395861513
nu Free,$\nu_{\mathrm{free}}$,0.3436868686868687,16.196968126125263,-173.87350163034537,206.26743788259589
nu Free,$\nu_{\mathrm{free}}$,0.34793939393939394,4.92744779921588,-188.74258843893992,198.5974840373717
nu Free,$\nu_{\mathrm{free}}$,0.3521919191919192,-8.520713741903746,-201.87008791229184,184.82866042848437
nu Free,$\nu_{\mathrm{free}}$,0.35644444444444445,-23.43735355467715,-211.69654897172575,164.82184186237146
nu Free,$\nu_{\mathrm{free}}$,0.36069696969696974,-37.92158556821272,-218.18552151771155,142.3423503812861
nu Free,$\nu_{\mathrm{free}}$,0.36494949494949497,-49.95479357682602,-221.7222422782292,121.81265512457715
nu Free,$\nu_{\mathrm{free}}$,0.3692020202020202,-57.51836137483307,-222.46254508157463,107.4258223319085
nu Free,$\nu_{\mathrm{free}}$,0.3734545454545455,-58.59367275654972,-219.72362578592603,102.53628027282659
nu Free,$\nu_{\mathrm{free}}$,0.3777070707070707,-51.22026326715521,-211.63846719609765,109.19794066178721
nu Free,$\nu_{\mathrm{free}}$,0.381959595959596,-34.979712048454346,-196.99791747945994,127.03849338255124
nu Free,$\nu_{\mathrm{free}}$,0.38621212121212123,-11.118646421270832,-176.30014216721906,154.06284932467742
nu Free,$\nu_{\mathrm{free}}$,0.3904646464646465,19.03350819517512,-150.33628703656063,188.4033034269109
nu Free,$\nu_{\mathrm{free}}$,0.39471717171717174,54.14732638166221,-120.04857839372077,228.34323115704518
nu Free,$\nu_{\mathrm{free}}$,0.398969696969697,92.89338271897006,-86.53673961432966,272.32350505226975
nu Free,$\nu_{\mathrm{free}}$,0.40322222222222226,133.71680339729775,-51.37860807564303,318.81221487023856
nu Free,$\nu_{\mathrm{free}}$,0.4074747474747475,172.2462188603542,-19.397699181075865,363.8901369017842
nu Free,$\nu_{\mathrm{free}}$,0.4117272727272728,202.1957267503968,2.857651532906658,401.5338019678869
nu Free,$\nu_{\mathrm{free}}$,0.415979797979798,217.24283804374213,9.402874166818123,425.08280192066616
nu Free,$\nu_{\mathrm{free}}$,0.42023232323232323,211.0650637167079,-5.273671318546974,427.40379875196277
nu Free,$\nu_{\mathrm{free}}$,0.4244848484848485,177.33991474561077,-46.52282479907899,401.20265429030053
nu Free,$\nu_{\mathrm{free}}$,0.42873737373737375,110.76946550271057,-119.0662854507942,340.6052164562153
nu Free,$\nu_{\mathrm{free}}$,0.43298989898989904,13.080994549275763,-222.18888320835723,248.35087230690877
nu Free,$\nu_{\mathrm{free}}$,0.43724242424242427,-111.05147964060376,-353.0878135754783,130.9848542942708
nu Free,$\nu_{\mathrm{free}}$,0.4414949494949495,-256.9438572474727,-508.95270953609526,-4.935004958850129
nu Free,$\nu_{\mathrm{free}}$,0.4457474747474748,-419.9120384518769,-686.5265870129535,-153.29748989080036
nu Free,$\nu_{\mathrm{free}}$,0.45,-595.2719234343567,-881.7835553457257,-308.76029152298776
